,Dataset,Size,Accuracy,Recall,Precision,ROC,F1 Score,Threshold
0,A1 (7-17),3644,72.3,79.6,30.0,0.754,43.6,0.300
1,A1 (7-17),3644,73.2,79.6,30.7,0.759,44.3,0.305
2,A1 (7-17),3644,73.7,79.6,31.2,0.762,44.8,0.310
3,A1 (7-17),3644,73.7,79.6,31.2,0.762,44.8,0.315
4,A1 (7-17),3644,73.7,77.6,30.9,0.753,44.2,0.320
5,A1 (7-17),3644,73.7,77.6,30.9,0.753,44.2,0.325
6,A1 (7-17),3644,73.7,77.6,30.9,0.753,44.2,0.330
7,A1 (7-17),3644,73.7,77.6,30.9,0.753,44.2,0.335
8,A1 (7-17),3644,74.2,77.6,31.4,0.756,44.7,0.340
9,A1 (7-17),3644,74.8,77.6,31.9,0.76,45.2,0.345
10,A1 (7-17),3644,75.1,77.6,32.2,0.761,45.5,0.350
11,A1 (7-17),3644,75.3,77.6,32.5,0.763,45.8,0.355
12,A1 (7-17),3644,75.9,77.6,33.0,0.766,46.3,0.360
13,A1 (7-17),3644,76.2,77.6,33.3,0.768,46.6,0.365
14,A1 (7-17),3644,76.2,77.6,33.3,0.768,46.6,0.370
15,A1 (7-17),3644,75.9,75.5,32.7,0.757,45.7,0.375
16,A1 (7-17),3644,76.4,75.5,33.3,0.76,46.2,0.380
17,A1 (7-17),3644,76.4,75.5,33.3,0.76,46.2,0.385
18,A1 (7-17),3644,76.2,73.5,32.7,0.75,45.3,0.390
19,A1 (7-17),3644,76.7,73.5,33.3,0.753,45.9,0.395
20,A1 (7-17),3644,76.4,71.4,32.7,0.743,44.9,0.400
21,A1 (7-17),3644,76.4,71.4,32.7,0.743,44.9,0.405
22,A1 (7-17),3644,76.4,71.4,32.7,0.743,44.9,0.410
23,A1 (7-17),3644,76.7,71.4,33.0,0.745,45.2,0.415
24,A1 (7-17),3644,76.4,69.4,32.4,0.735,44.2,0.420
25,A1 (7-17),3644,76.7,69.4,32.7,0.736,44.4,0.425
26,A1 (7-17),3644,77.0,69.4,33.0,0.738,44.7,0.430
27,A1 (7-17),3644,77.3,69.4,33.3,0.739,45.0,0.435
28,A1 (7-17),3644,77.8,69.4,34.0,0.743,45.6,0.440
29,A1 (7-17),3644,82.5,67.3,40.7,0.761,50.8,0.445
30,A1 (7-17),3644,82.7,67.3,41.2,0.762,51.2,0.450
31,A1 (7-17),3644,83.3,67.3,42.3,0.766,52.0,0.455
32,A1 (7-17),3644,83.6,67.3,42.9,0.767,52.4,0.460
33,A1 (7-17),3644,83.6,67.3,42.9,0.767,52.4,0.465
34,A1 (7-17),3644,83.8,67.3,43.4,0.769,52.8,0.470
35,A1 (7-17),3644,84.1,67.3,44.0,0.77,53.2,0.475
36,A1 (7-17),3644,84.4,67.3,44.6,0.772,53.7,0.480
37,A1 (7-17),3644,84.9,67.3,45.8,0.775,54.5,0.485
38,A1 (7-17),3644,85.5,67.3,47.1,0.778,55.5,0.490
39,A1 (7-17),3644,85.5,67.3,47.1,0.778,55.5,0.495
40,A1 (7-17),3644,85.8,67.3,47.8,0.78,55.9,0.500
41,A1 (7-17),3644,85.8,67.3,47.8,0.78,55.9,0.505
42,A1 (7-17),3644,86.0,67.3,48.5,0.781,56.4,0.510
43,A1 (7-17),3644,86.6,67.3,50.0,0.785,57.4,0.515
44,A1 (7-17),3644,86.6,67.3,50.0,0.785,57.4,0.520
45,A1 (7-17),3644,86.8,67.3,50.8,0.786,57.9,0.525
46,A1 (7-17),3644,86.8,67.3,50.8,0.786,57.9,0.530
47,A1 (7-17),3644,86.8,67.3,50.8,0.786,57.9,0.535
48,A1 (7-17),3644,86.8,67.3,50.8,0.786,57.9,0.540
49,A1 (7-17),3644,87.1,67.3,51.6,0.788,58.4,0.545
50,A1 (7-17),3644,87.1,67.3,51.6,0.788,58.4,0.550
51,A1 (7-17),3644,87.1,67.3,51.6,0.788,58.4,0.555
52,A1 (7-17),3644,87.1,67.3,51.6,0.788,58.4,0.560
53,A1 (7-17),3644,87.1,67.3,51.6,0.788,58.4,0.565
54,A1 (7-17),3644,87.1,67.3,51.6,0.788,58.4,0.570
55,A1 (7-17),3644,87.1,65.3,51.6,0.779,57.7,0.575
56,A1 (7-17),3644,87.4,65.3,52.5,0.781,58.2,0.580
57,A1 (7-17),3644,88.2,65.3,55.2,0.785,59.8,0.585
58,A1 (7-17),3644,88.5,65.3,56.1,0.787,60.4,0.590
59,A1 (7-17),3644,88.5,63.3,56.4,0.778,59.6,0.595
60,A1 (7-17),3644,89.0,63.3,58.5,0.782,60.8,0.600
61,A1 (7-17),3644,89.3,63.3,59.6,0.783,61.4,0.605
62,A1 (7-17),3644,89.0,61.2,58.8,0.773,60.0,0.610
63,A1 (7-17),3644,89.0,61.2,58.8,0.773,60.0,0.615
64,A1 (7-17),3644,89.0,61.2,58.8,0.773,60.0,0.620
65,A1 (7-17),3644,89.0,61.2,58.8,0.773,60.0,0.625
66,A1 (7-17),3644,89.0,61.2,58.8,0.773,60.0,0.630
67,A1 (7-17),3644,89.0,61.2,58.8,0.773,60.0,0.635
68,A1 (7-17),3644,89.0,61.2,58.8,0.773,60.0,0.640
69,A1 (7-17),3644,88.8,59.2,58.0,0.763,58.6,0.645
70,A1 (7-17),3644,89.0,57.1,59.6,0.756,58.3,0.650
71,A1 (7-17),3644,89.0,57.1,59.6,0.756,58.3,0.655
72,A1 (7-17),3644,89.0,57.1,59.6,0.756,58.3,0.660
73,A1 (7-17),3644,89.6,57.1,62.2,0.759,59.6,0.665
74,A1 (7-17),3644,89.9,57.1,63.6,0.76,60.2,0.670
75,A1 (7-17),3644,89.6,55.1,62.8,0.75,58.7,0.675
76,A1 (7-17),3644,89.6,55.1,62.8,0.75,58.7,0.680
77,A1 (7-17),3644,88.8,49.0,60.0,0.72,53.9,0.685
78,A1 (7-17),3644,88.5,46.9,59.0,0.709,52.3,0.690
79,A1 (7-17),3644,88.8,46.9,60.5,0.711,52.9,0.695
80,A1 (7-17),3644,88.8,46.9,60.5,0.711,52.9,0.700
81,A1 (7-17),3644,88.8,46.9,60.5,0.711,52.9,0.705
82,A1 (7-17),3644,88.8,46.9,60.5,0.711,52.9,0.710
83,A1 (7-17),3644,89.0,46.9,62.2,0.713,53.5,0.715
84,A1 (7-17),3644,89.0,46.9,62.2,0.713,53.5,0.720
85,A1 (7-17),3644,89.0,46.9,62.2,0.713,53.5,0.725
86,A1 (7-17),3644,89.3,46.9,63.9,0.714,54.1,0.730
87,A1 (7-17),3644,89.3,46.9,63.9,0.714,54.1,0.735
88,A1 (7-17),3644,89.3,46.9,63.9,0.714,54.1,0.740
89,A1 (7-17),3644,89.6,46.9,65.7,0.716,54.8,0.745
90,A1 (7-17),3644,89.0,42.9,63.6,0.695,51.2,0.750
91,A1 (7-17),3644,89.3,42.9,65.6,0.697,51.9,0.755
92,A1 (7-17),3644,89.6,42.9,67.7,0.698,52.5,0.760
93,A1 (7-17),3644,89.9,42.9,70.0,0.7,53.2,0.765
94,A1 (7-17),3644,89.9,42.9,70.0,0.7,53.2,0.770
95,A1 (7-17),3644,89.9,40.8,71.4,0.691,51.9,0.775
96,A1 (7-17),3644,89.9,40.8,71.4,0.691,51.9,0.780
97,A1 (7-17),3644,89.9,40.8,71.4,0.691,51.9,0.785
98,A1 (7-17),3644,89.9,40.8,71.4,0.691,51.9,0.790
99,A1 (7-17),3644,89.6,38.8,70.4,0.681,50.0,0.795
100,A1 (7-17),3644,89.6,38.8,70.4,0.681,50.0,0.800
101,A1 (7-17),3644,89.6,38.8,70.4,0.681,50.0,0.805
102,A1 (7-17),3644,81.1,83.9,28.9,0.824,43.0,0.300
103,A1 (7-17),3644,81.4,83.9,29.2,0.825,43.3,0.305
104,A1 (7-17),3644,82.2,83.9,30.2,0.83,44.4,0.310
105,A1 (7-17),3644,82.2,83.9,30.2,0.83,44.4,0.315
106,A1 (7-17),3644,82.5,83.9,30.6,0.831,44.8,0.320
107,A1 (7-17),3644,82.5,83.9,30.6,0.831,44.8,0.325
108,A1 (7-17),3644,82.5,83.9,30.6,0.831,44.8,0.330
109,A1 (7-17),3644,82.7,83.9,31.0,0.833,45.2,0.335
110,A1 (7-17),3644,82.7,83.9,31.0,0.833,45.2,0.340
111,A1 (7-17),3644,82.7,83.9,31.0,0.833,45.2,0.345
112,A1 (7-17),3644,82.7,83.9,31.0,0.833,45.2,0.350
113,A1 (7-17),3644,83.3,83.9,31.7,0.836,46.0,0.355
114,A1 (7-17),3644,83.6,83.9,32.1,0.837,46.4,0.360
115,A1 (7-17),3644,83.8,83.9,32.5,0.839,46.8,0.365
116,A1 (7-17),3644,84.4,83.9,33.3,0.842,47.7,0.370
117,A1 (7-17),3644,84.7,83.9,33.8,0.843,48.1,0.375
118,A1 (7-17),3644,84.7,83.9,33.8,0.843,48.1,0.380
119,A1 (7-17),3644,84.7,83.9,33.8,0.843,48.1,0.385
120,A1 (7-17),3644,84.9,83.9,34.2,0.845,48.6,0.390
121,A1 (7-17),3644,85.2,83.9,34.7,0.846,49.1,0.395
122,A1 (7-17),3644,85.5,83.9,35.1,0.847,49.5,0.400
123,A1 (7-17),3644,85.5,83.9,35.1,0.847,49.5,0.405
124,A1 (7-17),3644,86.0,83.9,36.1,0.85,50.5,0.410
125,A1 (7-17),3644,86.0,83.9,36.1,0.85,50.5,0.415
126,A1 (7-17),3644,85.8,77.4,34.8,0.82,48.0,0.420
127,A1 (7-17),3644,86.8,77.4,36.9,0.826,50.0,0.425
128,A1 (7-17),3644,87.1,77.4,37.5,0.827,50.5,0.430
129,A1 (7-17),3644,87.4,77.4,38.1,0.829,51.1,0.435
130,A1 (7-17),3644,87.4,77.4,38.1,0.829,51.1,0.440
131,A1 (7-17),3644,87.9,77.4,39.3,0.832,52.2,0.445
132,A1 (7-17),3644,87.9,77.4,39.3,0.832,52.2,0.450
133,A1 (7-17),3644,87.9,77.4,39.3,0.832,52.2,0.455
134,A1 (7-17),3644,88.2,74.2,39.7,0.819,51.7,0.460
135,A1 (7-17),3644,88.5,74.2,40.4,0.82,52.3,0.465
136,A1 (7-17),3644,88.8,74.2,41.1,0.822,52.9,0.470
137,A1 (7-17),3644,89.0,74.2,41.8,0.823,53.5,0.475
138,A1 (7-17),3644,89.0,74.2,41.8,0.823,53.5,0.480
139,A1 (7-17),3644,89.0,74.2,41.8,0.823,53.5,0.485
140,A1 (7-17),3644,89.0,74.2,41.8,0.823,53.5,0.490
141,A1 (7-17),3644,88.8,71.0,40.7,0.807,51.8,0.495
142,A1 (7-17),3644,88.8,71.0,40.7,0.807,51.8,0.500
143,A1 (7-17),3644,90.1,71.0,44.9,0.814,55.0,0.505
144,A1 (7-17),3644,90.1,71.0,44.9,0.814,55.0,0.510
145,A1 (7-17),3644,90.7,71.0,46.8,0.817,56.4,0.515
146,A1 (7-17),3644,90.7,71.0,46.8,0.817,56.4,0.520
147,A1 (7-17),3644,90.7,71.0,46.8,0.817,56.4,0.525
148,A1 (7-17),3644,90.7,71.0,46.8,0.817,56.4,0.530
149,A1 (7-17),3644,90.7,71.0,46.8,0.817,56.4,0.535
150,A1 (7-17),3644,90.7,71.0,46.8,0.817,56.4,0.540
151,A1 (7-17),3644,90.7,71.0,46.8,0.817,56.4,0.545
152,A1 (7-17),3644,90.7,71.0,46.8,0.817,56.4,0.550
153,A1 (7-17),3644,91.0,71.0,47.8,0.819,57.1,0.555
154,A1 (7-17),3644,90.7,67.7,46.7,0.803,55.3,0.560
155,A1 (7-17),3644,90.7,67.7,46.7,0.803,55.3,0.565
156,A1 (7-17),3644,90.7,67.7,46.7,0.803,55.3,0.570
157,A1 (7-17),3644,90.7,67.7,46.7,0.803,55.3,0.575
158,A1 (7-17),3644,91.2,67.7,48.8,0.806,56.8,0.580
159,A1 (7-17),3644,91.2,67.7,48.8,0.806,56.8,0.585
160,A1 (7-17),3644,91.2,67.7,48.8,0.806,56.8,0.590
161,A1 (7-17),3644,91.5,67.7,50.0,0.807,57.5,0.595
162,A1 (7-17),3644,91.5,67.7,50.0,0.807,57.5,0.600
163,A1 (7-17),3644,91.8,67.7,51.2,0.809,58.3,0.605
164,A1 (7-17),3644,91.8,67.7,51.2,0.809,58.3,0.610
165,A1 (7-17),3644,91.8,67.7,51.2,0.809,58.3,0.615
166,A1 (7-17),3644,91.5,64.5,50.0,0.793,56.3,0.620
167,A1 (7-17),3644,91.5,64.5,50.0,0.793,56.3,0.625
168,A1 (7-17),3644,91.5,64.5,50.0,0.793,56.3,0.630
169,A1 (7-17),3644,91.8,64.5,51.3,0.794,57.1,0.635
170,A1 (7-17),3644,91.8,64.5,51.3,0.794,57.1,0.640
171,A1 (7-17),3644,92.3,64.5,54.1,0.797,58.8,0.645
172,A1 (7-17),3644,92.6,64.5,55.6,0.799,59.7,0.650
173,A1 (7-17),3644,92.3,61.3,54.3,0.782,57.6,0.655
174,A1 (7-17),3644,91.8,54.8,51.5,0.75,53.1,0.660
175,A1 (7-17),3644,91.8,51.6,51.6,0.736,51.6,0.665
176,A1 (7-17),3644,91.8,51.6,51.6,0.736,51.6,0.670
177,A1 (7-17),3644,91.8,51.6,51.6,0.736,51.6,0.675
178,A1 (7-17),3644,92.1,51.6,53.3,0.737,52.5,0.680
179,A1 (7-17),3644,91.8,48.4,51.7,0.721,50.0,0.685
180,A1 (7-17),3644,91.8,48.4,51.7,0.721,50.0,0.690
181,A1 (7-17),3644,92.3,48.4,55.6,0.724,51.7,0.695
182,A1 (7-17),3644,92.3,45.2,56.0,0.709,50.0,0.700
183,A1 (7-17),3644,92.6,45.2,58.3,0.711,50.9,0.705
184,A1 (7-17),3644,92.6,45.2,58.3,0.711,50.9,0.710
185,A1 (7-17),3644,92.3,41.9,56.5,0.695,48.1,0.715
186,A1 (7-17),3644,92.3,41.9,56.5,0.695,48.1,0.720
187,A1 (7-17),3644,91.8,35.5,52.4,0.662,42.3,0.725
188,A1 (7-17),3644,91.8,35.5,52.4,0.662,42.3,0.730
189,A1 (7-17),3644,92.1,35.5,55.0,0.664,43.1,0.735
190,A1 (7-17),3644,92.1,35.5,55.0,0.664,43.1,0.740
191,A1 (7-17),3644,92.1,35.5,55.0,0.664,43.1,0.745
192,A1 (7-17),3644,92.1,35.5,55.0,0.664,43.1,0.750
193,A1 (7-17),3644,92.1,35.5,55.0,0.664,43.1,0.755
194,A1 (7-17),3644,91.8,32.3,52.6,0.648,40.0,0.760
195,A1 (7-17),3644,91.8,32.3,52.6,0.648,40.0,0.765
196,A1 (7-17),3644,91.5,29.0,50.0,0.632,36.7,0.770
197,A1 (7-17),3644,91.5,25.8,50.0,0.617,34.0,0.775
198,A1 (7-17),3644,91.5,25.8,50.0,0.617,34.0,0.780
199,A1 (7-17),3644,91.5,25.8,50.0,0.617,34.0,0.785
200,A1 (7-17),3644,91.5,25.8,50.0,0.617,34.0,0.790
201,A1 (7-17),3644,91.8,25.8,53.3,0.619,34.8,0.795
202,A1 (7-17),3644,91.8,25.8,53.3,0.619,34.8,0.800
203,A1 (7-17),3644,91.8,25.8,53.3,0.619,34.8,0.805
204,A1 (7-17),3644,74.5,72.7,28.3,0.737,40.8,0.300
205,A1 (7-17),3644,74.8,72.7,28.6,0.739,41.0,0.305
206,A1 (7-17),3644,75.1,72.7,28.8,0.741,41.3,0.310
207,A1 (7-17),3644,75.1,72.7,28.8,0.741,41.3,0.315
208,A1 (7-17),3644,75.1,72.7,28.8,0.741,41.3,0.320
209,A1 (7-17),3644,75.1,72.7,28.8,0.741,41.3,0.325
210,A1 (7-17),3644,80.5,65.9,34.1,0.742,45.0,0.330
211,A1 (7-17),3644,80.5,65.9,34.1,0.742,45.0,0.335
212,A1 (7-17),3644,80.5,65.9,34.1,0.742,45.0,0.340
213,A1 (7-17),3644,80.5,65.9,34.1,0.742,45.0,0.345
214,A1 (7-17),3644,80.3,63.6,33.3,0.731,43.7,0.350
215,A1 (7-17),3644,80.5,63.6,33.7,0.733,44.1,0.355
216,A1 (7-17),3644,80.5,63.6,33.7,0.733,44.1,0.360
217,A1 (7-17),3644,81.1,63.6,34.6,0.736,44.8,0.365
218,A1 (7-17),3644,81.4,63.6,35.0,0.737,45.2,0.370
219,A1 (7-17),3644,81.9,63.6,35.9,0.74,45.9,0.375
220,A1 (7-17),3644,82.2,63.6,36.4,0.742,46.3,0.380
221,A1 (7-17),3644,82.2,63.6,36.4,0.742,46.3,0.385
222,A1 (7-17),3644,82.7,63.6,37.3,0.745,47.1,0.390
223,A1 (7-17),3644,82.7,61.4,37.0,0.735,46.2,0.395
224,A1 (7-17),3644,82.5,59.1,36.1,0.724,44.8,0.400
225,A1 (7-17),3644,82.7,59.1,36.6,0.725,45.2,0.405
226,A1 (7-17),3644,82.7,59.1,36.6,0.725,45.2,0.410
227,A1 (7-17),3644,82.7,59.1,36.6,0.725,45.2,0.415
228,A1 (7-17),3644,82.7,56.8,36.2,0.716,44.2,0.420
229,A1 (7-17),3644,83.6,56.8,37.9,0.72,45.5,0.425
230,A1 (7-17),3644,83.8,54.5,38.1,0.712,44.9,0.430
231,A1 (7-17),3644,84.1,54.5,38.7,0.714,45.3,0.435
232,A1 (7-17),3644,84.4,54.5,39.3,0.715,45.7,0.440
233,A1 (7-17),3644,84.7,54.5,40.0,0.717,46.2,0.445
234,A1 (7-17),3644,84.7,54.5,40.0,0.717,46.2,0.450
235,A1 (7-17),3644,84.7,54.5,40.0,0.717,46.2,0.455
236,A1 (7-17),3644,84.9,54.5,40.7,0.718,46.6,0.460
237,A1 (7-17),3644,85.2,54.5,41.4,0.72,47.1,0.465
238,A1 (7-17),3644,85.5,54.5,42.1,0.721,47.5,0.470
239,A1 (7-17),3644,85.8,54.5,42.9,0.723,48.0,0.475
240,A1 (7-17),3644,85.8,54.5,42.9,0.723,48.0,0.480
241,A1 (7-17),3644,86.0,54.5,43.6,0.724,48.5,0.485
242,A1 (7-17),3644,86.3,54.5,44.4,0.726,49.0,0.490
243,A1 (7-17),3644,86.3,52.3,44.2,0.716,47.9,0.495
244,A1 (7-17),3644,86.6,52.3,45.1,0.718,48.4,0.500
245,A1 (7-17),3644,86.8,52.3,46.0,0.719,48.9,0.505
246,A1 (7-17),3644,86.8,52.3,46.0,0.719,48.9,0.510
247,A1 (7-17),3644,86.8,52.3,46.0,0.719,48.9,0.515
248,A1 (7-17),3644,87.1,52.3,46.9,0.721,49.5,0.520
249,A1 (7-17),3644,87.1,52.3,46.9,0.721,49.5,0.525
250,A1 (7-17),3644,87.4,52.3,47.9,0.722,50.0,0.530
251,A1 (7-17),3644,87.4,52.3,47.9,0.722,50.0,0.535
252,A1 (7-17),3644,87.4,52.3,47.9,0.722,50.0,0.540
253,A1 (7-17),3644,87.4,52.3,47.9,0.722,50.0,0.545
254,A1 (7-17),3644,87.4,52.3,47.9,0.722,50.0,0.550
255,A1 (7-17),3644,87.4,52.3,47.9,0.722,50.0,0.555
256,A1 (7-17),3644,87.4,50.0,47.8,0.713,48.9,0.560
257,A1 (7-17),3644,87.7,50.0,48.9,0.714,49.4,0.565
258,A1 (7-17),3644,87.7,50.0,48.9,0.714,49.4,0.570
259,A1 (7-17),3644,87.9,50.0,50.0,0.716,50.0,0.575
260,A1 (7-17),3644,87.9,50.0,50.0,0.716,50.0,0.580
261,A1 (7-17),3644,87.9,50.0,50.0,0.716,50.0,0.585
262,A1 (7-17),3644,88.2,50.0,51.2,0.717,50.6,0.590
263,A1 (7-17),3644,88.5,50.0,52.4,0.719,51.2,0.595
264,A1 (7-17),3644,88.5,50.0,52.4,0.719,51.2,0.600
265,A1 (7-17),3644,88.5,50.0,52.4,0.719,51.2,0.605
266,A1 (7-17),3644,88.5,50.0,52.4,0.719,51.2,0.610
267,A1 (7-17),3644,88.2,47.7,51.2,0.707,49.4,0.615
268,A1 (7-17),3644,88.2,47.7,51.2,0.707,49.4,0.620
269,A1 (7-17),3644,87.9,45.5,50.0,0.696,47.6,0.625
270,A1 (7-17),3644,88.5,45.5,52.6,0.699,48.8,0.630
271,A1 (7-17),3644,88.5,45.5,52.6,0.699,48.8,0.635
272,A1 (7-17),3644,88.5,45.5,52.6,0.699,48.8,0.640
273,A1 (7-17),3644,88.8,45.5,54.1,0.701,49.4,0.645
274,A1 (7-17),3644,88.5,43.2,52.8,0.689,47.5,0.650
275,A1 (7-17),3644,88.5,43.2,52.8,0.689,47.5,0.655
276,A1 (7-17),3644,88.5,43.2,52.8,0.689,47.5,0.660
277,A1 (7-17),3644,88.5,43.2,52.8,0.689,47.5,0.665
278,A1 (7-17),3644,88.5,43.2,52.8,0.689,47.5,0.670
279,A1 (7-17),3644,88.5,43.2,52.8,0.689,47.5,0.675
280,A1 (7-17),3644,88.5,43.2,52.8,0.689,47.5,0.680
281,A1 (7-17),3644,88.5,43.2,52.8,0.689,47.5,0.685
282,A1 (7-17),3644,88.5,43.2,52.8,0.689,47.5,0.690
283,A1 (7-17),3644,88.5,43.2,52.8,0.689,47.5,0.695
284,A1 (7-17),3644,88.8,43.2,54.3,0.691,48.1,0.700
285,A1 (7-17),3644,89.0,43.2,55.9,0.693,48.7,0.705
286,A1 (7-17),3644,89.0,43.2,55.9,0.693,48.7,0.710
287,A1 (7-17),3644,89.0,43.2,55.9,0.693,48.7,0.715
288,A1 (7-17),3644,89.0,43.2,55.9,0.693,48.7,0.720
289,A1 (7-17),3644,89.0,43.2,55.9,0.693,48.7,0.725
290,A1 (7-17),3644,89.0,43.2,55.9,0.693,48.7,0.730
291,A1 (7-17),3644,89.0,43.2,55.9,0.693,48.7,0.735
292,A1 (7-17),3644,89.0,43.2,55.9,0.693,48.7,0.740
293,A1 (7-17),3644,88.8,40.9,54.5,0.681,46.8,0.745
294,A1 (7-17),3644,88.8,40.9,54.5,0.681,46.8,0.750
295,A1 (7-17),3644,88.8,40.9,54.5,0.681,46.8,0.755
296,A1 (7-17),3644,88.8,40.9,54.5,0.681,46.8,0.760
297,A1 (7-17),3644,88.8,40.9,54.5,0.681,46.8,0.765
298,A1 (7-17),3644,89.0,40.9,56.2,0.683,47.4,0.770
299,A1 (7-17),3644,89.0,40.9,56.2,0.683,47.4,0.775
300,A1 (7-17),3644,89.6,40.9,60.0,0.686,48.6,0.780
301,A1 (7-17),3644,89.6,40.9,60.0,0.686,48.6,0.785
302,A1 (7-17),3644,89.3,38.6,58.6,0.674,46.6,0.790
303,A1 (7-17),3644,89.6,38.6,60.7,0.676,47.2,0.795
304,A1 (7-17),3644,89.6,38.6,60.7,0.676,47.2,0.800
305,A1 (7-17),3644,89.3,36.4,59.3,0.665,45.1,0.805
306,A1 (7-17),3644,71.2,82.2,27.6,0.76,41.3,0.300
307,A1 (7-17),3644,71.2,82.2,27.6,0.76,41.3,0.305
308,A1 (7-17),3644,71.5,82.2,27.8,0.761,41.6,0.310
309,A1 (7-17),3644,71.8,82.2,28.0,0.763,41.8,0.315
310,A1 (7-17),3644,71.8,82.2,28.0,0.763,41.8,0.320
311,A1 (7-17),3644,72.1,82.2,28.2,0.764,42.0,0.325
312,A1 (7-17),3644,72.1,82.2,28.2,0.764,42.0,0.330
313,A1 (7-17),3644,72.1,82.2,28.2,0.764,42.0,0.335
314,A1 (7-17),3644,72.1,82.2,28.2,0.764,42.0,0.340
315,A1 (7-17),3644,72.1,82.2,28.2,0.764,42.0,0.345
316,A1 (7-17),3644,78.1,77.8,33.3,0.78,46.7,0.350
317,A1 (7-17),3644,78.1,77.8,33.3,0.78,46.7,0.355
318,A1 (7-17),3644,78.4,77.8,33.7,0.781,47.0,0.360
319,A1 (7-17),3644,78.6,77.8,34.0,0.783,47.3,0.365
320,A1 (7-17),3644,78.9,77.8,34.3,0.784,47.6,0.370
321,A1 (7-17),3644,78.9,77.8,34.3,0.784,47.6,0.375
322,A1 (7-17),3644,78.9,77.8,34.3,0.784,47.6,0.380
323,A1 (7-17),3644,78.9,77.8,34.3,0.784,47.6,0.385
324,A1 (7-17),3644,78.9,77.8,34.3,0.784,47.6,0.390
325,A1 (7-17),3644,79.5,77.8,35.0,0.787,48.3,0.395
326,A1 (7-17),3644,80.0,77.8,35.7,0.79,49.0,0.400
327,A1 (7-17),3644,80.3,77.8,36.1,0.792,49.3,0.405
328,A1 (7-17),3644,80.3,75.6,35.8,0.782,48.6,0.410
329,A1 (7-17),3644,80.5,75.6,36.2,0.784,48.9,0.415
330,A1 (7-17),3644,80.5,75.6,36.2,0.784,48.9,0.420
331,A1 (7-17),3644,80.5,75.6,36.2,0.784,48.9,0.425
332,A1 (7-17),3644,80.5,75.6,36.2,0.784,48.9,0.430
333,A1 (7-17),3644,80.8,75.6,36.6,0.786,49.3,0.435
334,A1 (7-17),3644,81.6,75.6,37.8,0.79,50.4,0.440
335,A1 (7-17),3644,81.6,75.6,37.8,0.79,50.4,0.445
336,A1 (7-17),3644,81.6,75.6,37.8,0.79,50.4,0.450
337,A1 (7-17),3644,81.4,73.3,37.1,0.779,49.3,0.455
338,A1 (7-17),3644,81.4,73.3,37.1,0.779,49.3,0.460
339,A1 (7-17),3644,81.9,73.3,37.9,0.782,50.0,0.465
340,A1 (7-17),3644,81.9,73.3,37.9,0.782,50.0,0.470
341,A1 (7-17),3644,81.9,73.3,37.9,0.782,50.0,0.475
342,A1 (7-17),3644,82.2,73.3,38.4,0.784,50.4,0.480
343,A1 (7-17),3644,82.2,73.3,38.4,0.784,50.4,0.485
344,A1 (7-17),3644,82.5,73.3,38.8,0.785,50.8,0.490
345,A1 (7-17),3644,83.6,73.3,40.7,0.792,52.4,0.495
346,A1 (7-17),3644,83.8,73.3,41.2,0.793,52.8,0.500
347,A1 (7-17),3644,83.6,71.1,40.5,0.782,51.6,0.505
348,A1 (7-17),3644,83.6,71.1,40.5,0.782,51.6,0.510
349,A1 (7-17),3644,83.6,71.1,40.5,0.782,51.6,0.515
350,A1 (7-17),3644,83.6,71.1,40.5,0.782,51.6,0.520
351,A1 (7-17),3644,83.6,71.1,40.5,0.782,51.6,0.525
352,A1 (7-17),3644,83.6,71.1,40.5,0.782,51.6,0.530
353,A1 (7-17),3644,84.1,71.1,41.6,0.785,52.5,0.535
354,A1 (7-17),3644,84.1,71.1,41.6,0.785,52.5,0.540
355,A1 (7-17),3644,84.1,71.1,41.6,0.785,52.5,0.545
356,A1 (7-17),3644,84.4,71.1,42.1,0.787,52.9,0.550
357,A1 (7-17),3644,84.1,68.9,41.3,0.776,51.7,0.555
358,A1 (7-17),3644,84.4,68.9,41.9,0.777,52.1,0.560
359,A1 (7-17),3644,84.4,68.9,41.9,0.777,52.1,0.565
360,A1 (7-17),3644,84.7,68.9,42.5,0.779,52.5,0.570
361,A1 (7-17),3644,84.7,68.9,42.5,0.779,52.5,0.575
362,A1 (7-17),3644,84.7,66.7,42.3,0.769,51.7,0.580
363,A1 (7-17),3644,84.4,64.4,41.4,0.758,50.4,0.585
364,A1 (7-17),3644,84.7,64.4,42.0,0.76,50.9,0.590
365,A1 (7-17),3644,84.7,64.4,42.0,0.76,50.9,0.595
366,A1 (7-17),3644,84.9,64.4,42.6,0.761,51.3,0.600
367,A1 (7-17),3644,84.7,62.2,41.8,0.75,50.0,0.605
368,A1 (7-17),3644,84.4,60.0,40.9,0.739,48.6,0.610
369,A1 (7-17),3644,84.7,60.0,41.5,0.741,49.1,0.615
370,A1 (7-17),3644,84.7,60.0,41.5,0.741,49.1,0.620
371,A1 (7-17),3644,84.4,57.8,40.6,0.73,47.7,0.625
372,A1 (7-17),3644,84.4,57.8,40.6,0.73,47.7,0.630
373,A1 (7-17),3644,84.4,57.8,40.6,0.73,47.7,0.635
374,A1 (7-17),3644,84.7,57.8,41.3,0.731,48.1,0.640
375,A1 (7-17),3644,84.9,57.8,41.9,0.733,48.6,0.645
376,A1 (7-17),3644,85.2,57.8,42.6,0.734,49.1,0.650
377,A1 (7-17),3644,85.2,57.8,42.6,0.734,49.1,0.655
378,A1 (7-17),3644,84.9,55.6,41.7,0.723,47.6,0.660
379,A1 (7-17),3644,84.7,53.3,40.7,0.712,46.2,0.665
380,A1 (7-17),3644,84.7,53.3,40.7,0.712,46.2,0.670
381,A1 (7-17),3644,84.9,53.3,41.4,0.714,46.6,0.675
382,A1 (7-17),3644,85.5,53.3,42.9,0.717,47.5,0.680
383,A1 (7-17),3644,85.8,53.3,43.6,0.718,48.0,0.685
384,A1 (7-17),3644,86.0,53.3,44.4,0.72,48.5,0.690
385,A1 (7-17),3644,86.3,53.3,45.3,0.721,49.0,0.695
386,A1 (7-17),3644,86.0,51.1,44.2,0.71,47.4,0.700
387,A1 (7-17),3644,85.8,48.9,43.1,0.699,45.8,0.705
388,A1 (7-17),3644,85.8,48.9,43.1,0.699,45.8,0.710
389,A1 (7-17),3644,85.8,48.9,43.1,0.699,45.8,0.715
390,A1 (7-17),3644,85.8,48.9,43.1,0.699,45.8,0.720
391,A1 (7-17),3644,85.8,48.9,43.1,0.699,45.8,0.725
392,A1 (7-17),3644,86.3,48.9,44.9,0.702,46.8,0.730
393,A1 (7-17),3644,86.6,48.9,45.8,0.704,47.3,0.735
394,A1 (7-17),3644,86.6,48.9,45.8,0.704,47.3,0.740
395,A1 (7-17),3644,86.3,46.7,44.7,0.693,45.7,0.745
396,A1 (7-17),3644,86.6,46.7,45.7,0.694,46.2,0.750
397,A1 (7-17),3644,86.8,46.7,46.7,0.696,46.7,0.755
398,A1 (7-17),3644,86.6,44.4,45.5,0.685,44.9,0.760
399,A1 (7-17),3644,86.6,44.4,45.5,0.685,44.9,0.765
400,A1 (7-17),3644,87.1,44.4,47.6,0.688,46.0,0.770
401,A1 (7-17),3644,87.1,44.4,47.6,0.688,46.0,0.775
402,A1 (7-17),3644,87.4,44.4,48.8,0.689,46.5,0.780
403,A1 (7-17),3644,87.4,44.4,48.8,0.689,46.5,0.785
404,A1 (7-17),3644,87.1,42.2,47.5,0.678,44.7,0.790
405,A1 (7-17),3644,87.1,42.2,47.5,0.678,44.7,0.795
406,A1 (7-17),3644,87.4,42.2,48.7,0.68,45.2,0.800
407,A1 (7-17),3644,87.4,40.0,48.6,0.67,43.9,0.805
408,A1 (7-17),3644,72.8,75.0,23.1,0.738,35.3,0.300
409,A1 (7-17),3644,73.4,75.0,23.5,0.741,35.8,0.305
410,A1 (7-17),3644,73.6,72.2,23.2,0.73,35.1,0.310
411,A1 (7-17),3644,73.9,72.2,23.4,0.732,35.4,0.315
412,A1 (7-17),3644,73.9,72.2,23.4,0.732,35.4,0.320
413,A1 (7-17),3644,74.2,72.2,23.6,0.733,35.6,0.325
414,A1 (7-17),3644,75.3,72.2,24.5,0.739,36.6,0.330
415,A1 (7-17),3644,75.5,72.2,24.8,0.741,36.9,0.335
416,A1 (7-17),3644,79.7,69.4,28.4,0.751,40.3,0.340
417,A1 (7-17),3644,79.9,69.4,28.7,0.753,40.7,0.345
418,A1 (7-17),3644,80.8,69.4,29.8,0.757,41.7,0.350
419,A1 (7-17),3644,81.0,69.4,30.1,0.759,42.0,0.355
420,A1 (7-17),3644,81.0,69.4,30.1,0.759,42.0,0.360
421,A1 (7-17),3644,81.6,69.4,30.9,0.762,42.7,0.365
422,A1 (7-17),3644,82.1,69.4,31.6,0.765,43.5,0.370
423,A1 (7-17),3644,82.1,69.4,31.6,0.765,43.5,0.375
424,A1 (7-17),3644,82.1,63.9,30.7,0.74,41.4,0.380
425,A1 (7-17),3644,82.1,63.9,30.7,0.74,41.4,0.385
426,A1 (7-17),3644,83.0,63.9,31.9,0.745,42.6,0.390
427,A1 (7-17),3644,83.0,63.9,31.9,0.745,42.6,0.395
428,A1 (7-17),3644,83.0,63.9,31.9,0.745,42.6,0.400
429,A1 (7-17),3644,83.2,63.9,32.4,0.746,43.0,0.405
430,A1 (7-17),3644,83.8,63.9,33.3,0.749,43.8,0.410
431,A1 (7-17),3644,84.1,63.9,33.8,0.751,44.2,0.415
432,A1 (7-17),3644,84.1,63.9,33.8,0.751,44.2,0.420
433,A1 (7-17),3644,84.1,63.9,33.8,0.751,44.2,0.425
434,A1 (7-17),3644,84.3,63.9,34.3,0.752,44.7,0.430
435,A1 (7-17),3644,84.3,63.9,34.3,0.752,44.7,0.435
436,A1 (7-17),3644,84.6,63.9,34.8,0.754,45.1,0.440
437,A1 (7-17),3644,84.6,61.1,34.4,0.742,44.0,0.445
438,A1 (7-17),3644,84.6,61.1,34.4,0.742,44.0,0.450
439,A1 (7-17),3644,84.3,58.3,33.3,0.728,42.4,0.455
440,A1 (7-17),3644,84.6,58.3,33.9,0.729,42.9,0.460
441,A1 (7-17),3644,84.9,58.3,34.4,0.731,43.3,0.465
442,A1 (7-17),3644,84.6,55.6,33.3,0.717,41.7,0.470
443,A1 (7-17),3644,84.6,55.6,33.3,0.717,41.7,0.475
444,A1 (7-17),3644,84.6,55.6,33.3,0.717,41.7,0.480
445,A1 (7-17),3644,84.9,55.6,33.9,0.718,42.1,0.485
446,A1 (7-17),3644,84.6,52.8,32.8,0.704,40.4,0.490
447,A1 (7-17),3644,84.6,52.8,32.8,0.704,40.4,0.495
448,A1 (7-17),3644,84.6,50.0,32.1,0.692,39.1,0.500
449,A1 (7-17),3644,84.9,50.0,32.7,0.694,39.6,0.505
450,A1 (7-17),3644,84.9,50.0,32.7,0.694,39.6,0.510
451,A1 (7-17),3644,85.2,50.0,33.3,0.695,40.0,0.515
452,A1 (7-17),3644,85.2,47.2,32.7,0.683,38.6,0.520
453,A1 (7-17),3644,85.2,47.2,32.7,0.683,38.6,0.525
454,A1 (7-17),3644,85.2,47.2,32.7,0.683,38.6,0.530
455,A1 (7-17),3644,85.2,47.2,32.7,0.683,38.6,0.535
456,A1 (7-17),3644,85.4,47.2,33.3,0.684,39.1,0.540
457,A1 (7-17),3644,85.4,47.2,33.3,0.684,39.1,0.545
458,A1 (7-17),3644,85.7,44.4,33.3,0.673,38.1,0.550
459,A1 (7-17),3644,86.0,44.4,34.0,0.675,38.6,0.555
460,A1 (7-17),3644,86.3,44.4,34.8,0.676,39.0,0.560
461,A1 (7-17),3644,86.5,44.4,35.6,0.678,39.5,0.565
462,A1 (7-17),3644,86.8,44.4,36.4,0.68,40.0,0.570
463,A1 (7-17),3644,86.8,44.4,36.4,0.68,40.0,0.575
464,A1 (7-17),3644,86.8,44.4,36.4,0.68,40.0,0.580
465,A1 (7-17),3644,86.8,44.4,36.4,0.68,40.0,0.585
466,A1 (7-17),3644,86.5,41.7,34.9,0.666,38.0,0.590
467,A1 (7-17),3644,86.5,41.7,34.9,0.666,38.0,0.595
468,A1 (7-17),3644,86.8,41.7,35.7,0.667,38.5,0.600
469,A1 (7-17),3644,86.8,41.7,35.7,0.667,38.5,0.605
470,A1 (7-17),3644,86.8,41.7,35.7,0.667,38.5,0.610
471,A1 (7-17),3644,86.8,41.7,35.7,0.667,38.5,0.615
472,A1 (7-17),3644,87.1,38.9,35.9,0.656,37.3,0.620
473,A1 (7-17),3644,87.1,38.9,35.9,0.656,37.3,0.625
474,A1 (7-17),3644,87.1,38.9,35.9,0.656,37.3,0.630
475,A1 (7-17),3644,87.4,38.9,36.8,0.658,37.8,0.635
476,A1 (7-17),3644,87.4,38.9,36.8,0.658,37.8,0.640
477,A1 (7-17),3644,87.4,38.9,36.8,0.658,37.8,0.645
478,A1 (7-17),3644,87.6,38.9,37.8,0.659,38.4,0.650
479,A1 (7-17),3644,87.6,38.9,37.8,0.659,38.4,0.655
480,A1 (7-17),3644,87.9,38.9,38.9,0.661,38.9,0.660
481,A1 (7-17),3644,87.9,38.9,38.9,0.661,38.9,0.665
482,A1 (7-17),3644,87.9,38.9,38.9,0.661,38.9,0.670
483,A1 (7-17),3644,87.6,36.1,37.1,0.647,36.6,0.675
484,A1 (7-17),3644,87.9,36.1,38.2,0.649,37.1,0.680
485,A1 (7-17),3644,87.9,36.1,38.2,0.649,37.1,0.685
486,A1 (7-17),3644,88.2,36.1,39.4,0.65,37.7,0.690
487,A1 (7-17),3644,88.2,36.1,39.4,0.65,37.7,0.695
488,A1 (7-17),3644,88.2,36.1,39.4,0.65,37.7,0.700
489,A1 (7-17),3644,88.2,36.1,39.4,0.65,37.7,0.705
490,A1 (7-17),3644,88.2,36.1,39.4,0.65,37.7,0.710
491,A1 (7-17),3644,88.5,36.1,40.6,0.652,38.2,0.715
492,A1 (7-17),3644,88.7,36.1,41.9,0.653,38.8,0.720
493,A1 (7-17),3644,88.7,36.1,41.9,0.653,38.8,0.725
494,A1 (7-17),3644,89.3,36.1,44.8,0.656,40.0,0.730
495,A1 (7-17),3644,89.3,36.1,44.8,0.656,40.0,0.735
496,A1 (7-17),3644,89.6,36.1,46.4,0.658,40.6,0.740
497,A1 (7-17),3644,89.6,36.1,46.4,0.658,40.6,0.745
498,A1 (7-17),3644,89.8,36.1,48.1,0.659,41.3,0.750
499,A1 (7-17),3644,90.1,36.1,50.0,0.661,41.9,0.755
500,A1 (7-17),3644,90.4,36.1,52.0,0.662,42.6,0.760
501,A1 (7-17),3644,90.4,36.1,52.0,0.662,42.6,0.765
502,A1 (7-17),3644,90.4,36.1,52.0,0.662,42.6,0.770
503,A1 (7-17),3644,90.1,33.3,50.0,0.648,40.0,0.775
504,A1 (7-17),3644,89.8,30.6,47.8,0.634,37.3,0.780
505,A1 (7-17),3644,89.8,30.6,47.8,0.634,37.3,0.785
506,A1 (7-17),3644,90.1,30.6,50.0,0.636,37.9,0.790
507,A1 (7-17),3644,90.1,30.6,50.0,0.636,37.9,0.795
508,A1 (7-17),3644,90.1,30.6,50.0,0.636,37.9,0.800
509,A1 (7-17),3644,90.4,30.6,52.4,0.638,38.6,0.805
510,A1 (7-17),3644,70.3,79.1,25.6,0.741,38.6,0.300
511,A1 (7-17),3644,70.6,79.1,25.8,0.743,38.9,0.305
512,A1 (7-17),3644,70.6,79.1,25.8,0.743,38.9,0.310
513,A1 (7-17),3644,70.9,79.1,26.0,0.744,39.1,0.315
514,A1 (7-17),3644,71.4,79.1,26.4,0.747,39.5,0.320
515,A1 (7-17),3644,79.7,76.7,34.0,0.784,47.1,0.325
516,A1 (7-17),3644,79.7,76.7,34.0,0.784,47.1,0.330
517,A1 (7-17),3644,79.7,76.7,34.0,0.784,47.1,0.335
518,A1 (7-17),3644,80.5,76.7,35.1,0.789,48.2,0.340
519,A1 (7-17),3644,80.8,76.7,35.5,0.79,48.5,0.345
520,A1 (7-17),3644,81.0,76.7,35.9,0.792,48.9,0.350
521,A1 (7-17),3644,81.9,76.7,37.1,0.796,50.0,0.355
522,A1 (7-17),3644,81.9,74.4,36.8,0.786,49.2,0.360
523,A1 (7-17),3644,82.1,74.4,37.2,0.788,49.6,0.365
524,A1 (7-17),3644,81.9,72.1,36.5,0.776,48.4,0.370
525,A1 (7-17),3644,81.9,72.1,36.5,0.776,48.4,0.375
526,A1 (7-17),3644,81.9,72.1,36.5,0.776,48.4,0.380
527,A1 (7-17),3644,82.1,72.1,36.9,0.778,48.8,0.385
528,A1 (7-17),3644,82.1,72.1,36.9,0.778,48.8,0.390
529,A1 (7-17),3644,82.1,72.1,36.9,0.778,48.8,0.395
530,A1 (7-17),3644,82.4,69.8,37.0,0.769,48.4,0.400
531,A1 (7-17),3644,82.7,69.8,37.5,0.771,48.8,0.405
532,A1 (7-17),3644,83.5,69.8,39.0,0.776,50.0,0.410
533,A1 (7-17),3644,83.8,67.4,39.2,0.767,49.6,0.415
534,A1 (7-17),3644,83.5,65.1,38.4,0.755,48.3,0.420
535,A1 (7-17),3644,84.1,65.1,39.4,0.759,49.1,0.425
536,A1 (7-17),3644,84.3,65.1,40.0,0.76,49.6,0.430
537,A1 (7-17),3644,84.6,65.1,40.6,0.762,50.0,0.435
538,A1 (7-17),3644,84.3,62.8,39.7,0.75,48.6,0.440
539,A1 (7-17),3644,84.6,62.8,40.3,0.752,49.1,0.445
540,A1 (7-17),3644,84.6,62.8,40.3,0.752,49.1,0.450
541,A1 (7-17),3644,84.6,62.8,40.3,0.752,49.1,0.455
542,A1 (7-17),3644,84.6,62.8,40.3,0.752,49.1,0.460
543,A1 (7-17),3644,84.6,62.8,40.3,0.752,49.1,0.465
544,A1 (7-17),3644,84.6,62.8,40.3,0.752,49.1,0.470
545,A1 (7-17),3644,84.6,60.5,40.0,0.742,48.1,0.475
546,A1 (7-17),3644,84.9,60.5,40.6,0.743,48.6,0.480
547,A1 (7-17),3644,84.9,60.5,40.6,0.743,48.6,0.485
548,A1 (7-17),3644,84.9,60.5,40.6,0.743,48.6,0.490
549,A1 (7-17),3644,84.9,60.5,40.6,0.743,48.6,0.495
550,A1 (7-17),3644,84.9,60.5,40.6,0.743,48.6,0.500
551,A1 (7-17),3644,84.9,60.5,40.6,0.743,48.6,0.505
552,A1 (7-17),3644,85.4,60.5,41.9,0.746,49.5,0.510
553,A1 (7-17),3644,85.4,60.5,41.9,0.746,49.5,0.515
554,A1 (7-17),3644,85.4,60.5,41.9,0.746,49.5,0.520
555,A1 (7-17),3644,85.4,60.5,41.9,0.746,49.5,0.525
556,A1 (7-17),3644,85.7,60.5,42.6,0.748,50.0,0.530
557,A1 (7-17),3644,85.7,60.5,42.6,0.748,50.0,0.535
558,A1 (7-17),3644,86.0,60.5,43.3,0.749,50.5,0.540
559,A1 (7-17),3644,86.0,60.5,43.3,0.749,50.5,0.545
560,A1 (7-17),3644,86.3,60.5,44.1,0.751,51.0,0.550
561,A1 (7-17),3644,86.5,60.5,44.8,0.752,51.5,0.555
562,A1 (7-17),3644,86.5,60.5,44.8,0.752,51.5,0.560
563,A1 (7-17),3644,86.8,60.5,45.6,0.754,52.0,0.565
564,A1 (7-17),3644,86.8,60.5,45.6,0.754,52.0,0.570
565,A1 (7-17),3644,86.8,60.5,45.6,0.754,52.0,0.575
566,A1 (7-17),3644,86.8,60.5,45.6,0.754,52.0,0.580
567,A1 (7-17),3644,87.1,60.5,46.4,0.756,52.5,0.585
568,A1 (7-17),3644,87.4,60.5,47.3,0.757,53.1,0.590
569,A1 (7-17),3644,87.4,60.5,47.3,0.757,53.1,0.595
570,A1 (7-17),3644,87.4,60.5,47.3,0.757,53.1,0.600
571,A1 (7-17),3644,87.4,60.5,47.3,0.757,53.1,0.605
572,A1 (7-17),3644,87.4,60.5,47.3,0.757,53.1,0.610
573,A1 (7-17),3644,87.6,60.5,48.1,0.759,53.6,0.615
574,A1 (7-17),3644,87.6,60.5,48.1,0.759,53.6,0.620
575,A1 (7-17),3644,87.6,60.5,48.1,0.759,53.6,0.625
576,A1 (7-17),3644,87.6,58.1,48.1,0.749,52.6,0.630
577,A1 (7-17),3644,87.9,58.1,49.0,0.75,53.2,0.635
578,A1 (7-17),3644,87.9,58.1,49.0,0.75,53.2,0.640
579,A1 (7-17),3644,87.9,58.1,49.0,0.75,53.2,0.645
580,A1 (7-17),3644,88.2,58.1,50.0,0.752,53.8,0.650
581,A1 (7-17),3644,88.7,58.1,52.1,0.755,54.9,0.655
582,A1 (7-17),3644,88.7,58.1,52.1,0.755,54.9,0.660
583,A1 (7-17),3644,89.0,58.1,53.2,0.756,55.6,0.665
584,A1 (7-17),3644,89.0,58.1,53.2,0.756,55.6,0.670
585,A1 (7-17),3644,89.3,58.1,54.3,0.758,56.2,0.675
586,A1 (7-17),3644,89.3,58.1,54.3,0.758,56.2,0.680
587,A1 (7-17),3644,89.3,58.1,54.3,0.758,56.2,0.685
588,A1 (7-17),3644,89.8,58.1,56.8,0.761,57.5,0.690
589,A1 (7-17),3644,89.8,58.1,56.8,0.761,57.5,0.695
590,A1 (7-17),3644,90.4,58.1,59.5,0.764,58.8,0.700
591,A1 (7-17),3644,90.4,58.1,59.5,0.764,58.8,0.705
592,A1 (7-17),3644,90.4,58.1,59.5,0.764,58.8,0.710
593,A1 (7-17),3644,90.7,58.1,61.0,0.766,59.5,0.715
594,A1 (7-17),3644,90.7,58.1,61.0,0.766,59.5,0.720
595,A1 (7-17),3644,90.7,58.1,61.0,0.766,59.5,0.725
596,A1 (7-17),3644,90.7,58.1,61.0,0.766,59.5,0.730
597,A1 (7-17),3644,90.4,55.8,60.0,0.754,57.8,0.735
598,A1 (7-17),3644,90.4,55.8,60.0,0.754,57.8,0.740
599,A1 (7-17),3644,90.4,55.8,60.0,0.754,57.8,0.745
600,A1 (7-17),3644,90.4,53.5,60.5,0.744,56.8,0.750
601,A1 (7-17),3644,90.4,53.5,60.5,0.744,56.8,0.755
602,A1 (7-17),3644,90.4,53.5,60.5,0.744,56.8,0.760
603,A1 (7-17),3644,90.4,53.5,60.5,0.744,56.8,0.765
604,A1 (7-17),3644,90.7,53.5,62.2,0.746,57.5,0.770
605,A1 (7-17),3644,90.1,48.8,60.0,0.722,53.8,0.775
606,A1 (7-17),3644,90.4,48.8,61.8,0.724,54.5,0.780
607,A1 (7-17),3644,90.1,46.5,60.6,0.712,52.6,0.785
608,A1 (7-17),3644,90.1,44.2,61.3,0.702,51.4,0.790
609,A1 (7-17),3644,90.1,44.2,61.3,0.702,51.4,0.795
610,A1 (7-17),3644,90.1,44.2,61.3,0.702,51.4,0.800
611,A1 (7-17),3644,90.1,44.2,61.3,0.702,51.4,0.805
612,A1 (7-17),3644,75.5,57.9,23.2,0.678,33.1,0.300
613,A1 (7-17),3644,75.8,57.9,23.4,0.679,33.3,0.305
614,A1 (7-17),3644,75.8,57.9,23.4,0.679,33.3,0.310
615,A1 (7-17),3644,76.1,55.3,23.1,0.669,32.6,0.315
616,A1 (7-17),3644,75.8,52.6,22.2,0.656,31.2,0.320
617,A1 (7-17),3644,76.1,52.6,22.5,0.657,31.5,0.325
618,A1 (7-17),3644,76.6,52.6,23.0,0.66,32.0,0.330
619,A1 (7-17),3644,76.9,52.6,23.3,0.662,32.3,0.335
620,A1 (7-17),3644,76.9,52.6,23.3,0.662,32.3,0.340
621,A1 (7-17),3644,76.9,52.6,23.3,0.662,32.3,0.345
622,A1 (7-17),3644,76.9,52.6,23.3,0.662,32.3,0.350
623,A1 (7-17),3644,77.2,52.6,23.5,0.663,32.5,0.355
624,A1 (7-17),3644,77.5,52.6,23.8,0.665,32.8,0.360
625,A1 (7-17),3644,77.5,52.6,23.8,0.665,32.8,0.365
626,A1 (7-17),3644,77.5,52.6,23.8,0.665,32.8,0.370
627,A1 (7-17),3644,78.0,52.6,24.4,0.668,33.3,0.375
628,A1 (7-17),3644,78.0,52.6,24.4,0.668,33.3,0.380
629,A1 (7-17),3644,78.6,52.6,25.0,0.671,33.9,0.385
630,A1 (7-17),3644,78.6,52.6,25.0,0.671,33.9,0.390
631,A1 (7-17),3644,79.1,52.6,25.6,0.674,34.5,0.395
632,A1 (7-17),3644,79.1,52.6,25.6,0.674,34.5,0.400
633,A1 (7-17),3644,79.1,52.6,25.6,0.674,34.5,0.405
634,A1 (7-17),3644,79.1,52.6,25.6,0.674,34.5,0.410
635,A1 (7-17),3644,79.1,52.6,25.6,0.674,34.5,0.415
636,A1 (7-17),3644,79.1,52.6,25.6,0.674,34.5,0.420
637,A1 (7-17),3644,79.7,52.6,26.3,0.677,35.1,0.425
638,A1 (7-17),3644,79.7,52.6,26.3,0.677,35.1,0.430
639,A1 (7-17),3644,79.7,52.6,26.3,0.677,35.1,0.435
640,A1 (7-17),3644,79.9,52.6,26.7,0.679,35.4,0.440
641,A1 (7-17),3644,79.9,52.6,26.7,0.679,35.4,0.445
642,A1 (7-17),3644,80.2,52.6,27.0,0.68,35.7,0.450
643,A1 (7-17),3644,79.9,50.0,26.0,0.667,34.2,0.455
644,A1 (7-17),3644,80.5,50.0,26.8,0.67,34.9,0.460
645,A1 (7-17),3644,80.8,50.0,27.1,0.672,35.2,0.465
646,A1 (7-17),3644,81.3,50.0,27.9,0.675,35.8,0.470
647,A1 (7-17),3644,81.3,50.0,27.9,0.675,35.8,0.475
648,A1 (7-17),3644,81.6,50.0,28.4,0.676,36.2,0.480
649,A1 (7-17),3644,81.9,50.0,28.8,0.678,36.5,0.485
650,A1 (7-17),3644,82.4,50.0,29.7,0.681,37.3,0.490
651,A1 (7-17),3644,82.4,50.0,29.7,0.681,37.3,0.495
652,A1 (7-17),3644,82.4,50.0,29.7,0.681,37.3,0.500
653,A1 (7-17),3644,82.4,50.0,29.7,0.681,37.3,0.505
654,A1 (7-17),3644,82.4,50.0,29.7,0.681,37.3,0.510
655,A1 (7-17),3644,82.4,50.0,29.7,0.681,37.3,0.515
656,A1 (7-17),3644,83.0,50.0,30.6,0.684,38.0,0.520
657,A1 (7-17),3644,83.5,50.0,31.7,0.687,38.8,0.525
658,A1 (7-17),3644,83.8,50.0,32.2,0.689,39.2,0.530
659,A1 (7-17),3644,83.8,50.0,32.2,0.689,39.2,0.535
660,A1 (7-17),3644,83.8,50.0,32.2,0.689,39.2,0.540
661,A1 (7-17),3644,83.8,50.0,32.2,0.689,39.2,0.545
662,A1 (7-17),3644,84.1,50.0,32.8,0.69,39.6,0.550
663,A1 (7-17),3644,84.1,50.0,32.8,0.69,39.6,0.555
664,A1 (7-17),3644,84.1,50.0,32.8,0.69,39.6,0.560
665,A1 (7-17),3644,84.3,50.0,33.3,0.692,40.0,0.565
666,A1 (7-17),3644,84.3,50.0,33.3,0.692,40.0,0.570
667,A1 (7-17),3644,84.9,50.0,34.5,0.695,40.9,0.575
668,A1 (7-17),3644,84.9,50.0,34.5,0.695,40.9,0.580
669,A1 (7-17),3644,85.2,50.0,35.2,0.696,41.3,0.585
670,A1 (7-17),3644,85.2,50.0,35.2,0.696,41.3,0.590
671,A1 (7-17),3644,85.2,50.0,35.2,0.696,41.3,0.595
672,A1 (7-17),3644,86.0,50.0,37.3,0.701,42.7,0.600
673,A1 (7-17),3644,86.0,50.0,37.3,0.701,42.7,0.605
674,A1 (7-17),3644,86.0,50.0,37.3,0.701,42.7,0.610
675,A1 (7-17),3644,86.3,50.0,38.0,0.702,43.2,0.615
676,A1 (7-17),3644,86.3,50.0,38.0,0.702,43.2,0.620
677,A1 (7-17),3644,86.3,50.0,38.0,0.702,43.2,0.625
678,A1 (7-17),3644,86.3,50.0,38.0,0.702,43.2,0.630
679,A1 (7-17),3644,86.8,50.0,39.6,0.706,44.2,0.635
680,A1 (7-17),3644,86.8,50.0,39.6,0.706,44.2,0.640
681,A1 (7-17),3644,87.1,50.0,40.4,0.707,44.7,0.645
682,A1 (7-17),3644,86.8,47.4,39.1,0.694,42.9,0.650
683,A1 (7-17),3644,86.8,47.4,39.1,0.694,42.9,0.655
684,A1 (7-17),3644,86.8,47.4,39.1,0.694,42.9,0.660
685,A1 (7-17),3644,86.8,47.4,39.1,0.694,42.9,0.665
686,A1 (7-17),3644,87.1,47.4,40.0,0.695,43.4,0.670
687,A1 (7-17),3644,87.4,47.4,40.9,0.697,43.9,0.675
688,A1 (7-17),3644,87.4,47.4,40.9,0.697,43.9,0.680
689,A1 (7-17),3644,87.6,47.4,41.9,0.698,44.4,0.685
690,A1 (7-17),3644,87.9,47.4,42.9,0.7,45.0,0.690
691,A1 (7-17),3644,87.9,47.4,42.9,0.7,45.0,0.695
692,A1 (7-17),3644,87.9,47.4,42.9,0.7,45.0,0.700
693,A1 (7-17),3644,87.6,44.7,41.5,0.687,43.0,0.705
694,A1 (7-17),3644,87.9,44.7,42.5,0.688,43.6,0.710
695,A1 (7-17),3644,87.6,42.1,41.0,0.675,41.6,0.715
696,A1 (7-17),3644,87.9,42.1,42.1,0.677,42.1,0.720
697,A1 (7-17),3644,87.9,42.1,42.1,0.677,42.1,0.725
698,A1 (7-17),3644,87.9,42.1,42.1,0.677,42.1,0.730
699,A1 (7-17),3644,87.9,42.1,42.1,0.677,42.1,0.735
700,A1 (7-17),3644,88.2,42.1,43.2,0.678,42.7,0.740
701,A1 (7-17),3644,88.7,42.1,45.7,0.681,43.8,0.745
702,A1 (7-17),3644,88.7,42.1,45.7,0.681,43.8,0.750
703,A1 (7-17),3644,88.7,42.1,45.7,0.681,43.8,0.755
704,A1 (7-17),3644,88.7,42.1,45.7,0.681,43.8,0.760
705,A1 (7-17),3644,88.7,42.1,45.7,0.681,43.8,0.765
706,A1 (7-17),3644,88.7,42.1,45.7,0.681,43.8,0.770
707,A1 (7-17),3644,88.7,42.1,45.7,0.681,43.8,0.775
708,A1 (7-17),3644,88.7,42.1,45.7,0.681,43.8,0.780
709,A1 (7-17),3644,88.7,39.5,45.5,0.67,42.3,0.785
710,A1 (7-17),3644,89.0,39.5,46.9,0.671,42.9,0.790
711,A1 (7-17),3644,89.0,39.5,46.9,0.671,42.9,0.795
712,A1 (7-17),3644,89.0,39.5,46.9,0.671,42.9,0.800
713,A1 (7-17),3644,89.0,39.5,46.9,0.671,42.9,0.805
714,A1 (7-17),3644,78.6,67.7,23.6,0.737,35.0,0.300
715,A1 (7-17),3644,78.8,67.7,23.9,0.738,35.3,0.305
716,A1 (7-17),3644,79.7,67.7,24.7,0.743,36.2,0.310
717,A1 (7-17),3644,79.7,67.7,24.7,0.743,36.2,0.315
718,A1 (7-17),3644,79.9,67.7,25.0,0.744,36.5,0.320
719,A1 (7-17),3644,80.2,67.7,25.3,0.746,36.8,0.325
720,A1 (7-17),3644,80.8,67.7,25.9,0.749,37.5,0.330
721,A1 (7-17),3644,81.0,67.7,26.2,0.75,37.8,0.335
722,A1 (7-17),3644,81.0,67.7,26.2,0.75,37.8,0.340
723,A1 (7-17),3644,81.3,67.7,26.6,0.752,38.2,0.345
724,A1 (7-17),3644,82.1,67.7,27.6,0.756,39.3,0.350
725,A1 (7-17),3644,82.4,67.7,28.0,0.758,39.6,0.355
726,A1 (7-17),3644,83.0,67.7,28.8,0.761,40.4,0.360
727,A1 (7-17),3644,83.2,67.7,29.2,0.762,40.8,0.365
728,A1 (7-17),3644,83.5,67.7,29.6,0.764,41.2,0.370
729,A1 (7-17),3644,83.8,67.7,30.0,0.765,41.6,0.375
730,A1 (7-17),3644,84.1,67.7,30.4,0.767,42.0,0.380
731,A1 (7-17),3644,84.6,67.7,31.3,0.77,42.9,0.385
732,A1 (7-17),3644,84.9,67.7,31.8,0.771,43.3,0.390
733,A1 (7-17),3644,84.9,67.7,31.8,0.771,43.3,0.395
734,A1 (7-17),3644,84.9,64.5,31.2,0.757,42.1,0.400
735,A1 (7-17),3644,85.2,64.5,31.7,0.758,42.6,0.405
736,A1 (7-17),3644,85.2,64.5,31.7,0.758,42.6,0.410
737,A1 (7-17),3644,85.4,64.5,32.3,0.76,43.0,0.415
738,A1 (7-17),3644,85.4,64.5,32.3,0.76,43.0,0.420
739,A1 (7-17),3644,86.3,64.5,33.9,0.764,44.4,0.425
740,A1 (7-17),3644,86.5,64.5,34.5,0.766,44.9,0.430
741,A1 (7-17),3644,86.5,64.5,34.5,0.766,44.9,0.435
742,A1 (7-17),3644,86.8,64.5,35.1,0.767,45.5,0.440
743,A1 (7-17),3644,86.8,64.5,35.1,0.767,45.5,0.445
744,A1 (7-17),3644,86.8,64.5,35.1,0.767,45.5,0.450
745,A1 (7-17),3644,87.1,64.5,35.7,0.769,46.0,0.455
746,A1 (7-17),3644,87.1,64.5,35.7,0.769,46.0,0.460
747,A1 (7-17),3644,87.9,64.5,37.7,0.773,47.6,0.465
748,A1 (7-17),3644,88.2,64.5,38.5,0.775,48.2,0.470
749,A1 (7-17),3644,88.2,64.5,38.5,0.775,48.2,0.475
750,A1 (7-17),3644,88.2,64.5,38.5,0.775,48.2,0.480
751,A1 (7-17),3644,88.2,64.5,38.5,0.775,48.2,0.485
752,A1 (7-17),3644,87.9,61.3,37.3,0.758,46.3,0.490
753,A1 (7-17),3644,87.9,61.3,37.3,0.758,46.3,0.495
754,A1 (7-17),3644,87.9,61.3,37.3,0.758,46.3,0.500
755,A1 (7-17),3644,87.9,61.3,37.3,0.758,46.3,0.505
756,A1 (7-17),3644,87.6,58.1,36.0,0.742,44.4,0.510
757,A1 (7-17),3644,87.6,58.1,36.0,0.742,44.4,0.515
758,A1 (7-17),3644,87.6,58.1,36.0,0.742,44.4,0.520
759,A1 (7-17),3644,87.6,58.1,36.0,0.742,44.4,0.525
760,A1 (7-17),3644,87.9,58.1,36.7,0.744,45.0,0.530
761,A1 (7-17),3644,87.9,58.1,36.7,0.744,45.0,0.535
762,A1 (7-17),3644,87.9,58.1,36.7,0.744,45.0,0.540
763,A1 (7-17),3644,88.2,58.1,37.5,0.745,45.6,0.545
764,A1 (7-17),3644,87.9,54.8,36.2,0.729,43.6,0.550
765,A1 (7-17),3644,87.9,54.8,36.2,0.729,43.6,0.555
766,A1 (7-17),3644,88.2,54.8,37.0,0.731,44.2,0.560
767,A1 (7-17),3644,88.2,54.8,37.0,0.731,44.2,0.565
768,A1 (7-17),3644,88.2,54.8,37.0,0.731,44.2,0.570
769,A1 (7-17),3644,88.2,54.8,37.0,0.731,44.2,0.575
770,A1 (7-17),3644,88.2,54.8,37.0,0.731,44.2,0.580
771,A1 (7-17),3644,88.2,54.8,37.0,0.731,44.2,0.585
772,A1 (7-17),3644,88.5,54.8,37.8,0.732,44.7,0.590
773,A1 (7-17),3644,88.7,54.8,38.6,0.734,45.3,0.595
774,A1 (7-17),3644,88.7,54.8,38.6,0.734,45.3,0.600
775,A1 (7-17),3644,88.7,54.8,38.6,0.734,45.3,0.605
776,A1 (7-17),3644,88.7,54.8,38.6,0.734,45.3,0.610
777,A1 (7-17),3644,88.7,51.6,38.1,0.719,43.8,0.615
778,A1 (7-17),3644,89.0,51.6,39.0,0.721,44.4,0.620
779,A1 (7-17),3644,89.6,51.6,41.0,0.724,45.7,0.625
780,A1 (7-17),3644,90.1,51.6,43.2,0.727,47.1,0.630
781,A1 (7-17),3644,90.7,51.6,45.7,0.73,48.5,0.635
782,A1 (7-17),3644,90.7,51.6,45.7,0.73,48.5,0.640
783,A1 (7-17),3644,91.2,51.6,48.5,0.733,50.0,0.645
784,A1 (7-17),3644,91.5,51.6,50.0,0.734,50.8,0.650
785,A1 (7-17),3644,91.5,51.6,50.0,0.734,50.8,0.655
786,A1 (7-17),3644,91.5,51.6,50.0,0.734,50.8,0.660
787,A1 (7-17),3644,91.5,51.6,50.0,0.734,50.8,0.665
788,A1 (7-17),3644,91.2,48.4,48.4,0.718,48.4,0.670
789,A1 (7-17),3644,91.2,48.4,48.4,0.718,48.4,0.675
790,A1 (7-17),3644,90.9,45.2,46.7,0.702,45.9,0.680
791,A1 (7-17),3644,90.9,45.2,46.7,0.702,45.9,0.685
792,A1 (7-17),3644,90.9,45.2,46.7,0.702,45.9,0.690
793,A1 (7-17),3644,91.2,45.2,48.3,0.703,46.7,0.695
794,A1 (7-17),3644,91.2,45.2,48.3,0.703,46.7,0.700
795,A1 (7-17),3644,91.2,41.9,48.1,0.689,44.8,0.705
796,A1 (7-17),3644,91.2,41.9,48.1,0.689,44.8,0.710
797,A1 (7-17),3644,91.2,41.9,48.1,0.689,44.8,0.715
798,A1 (7-17),3644,91.2,41.9,48.1,0.689,44.8,0.720
799,A1 (7-17),3644,91.2,41.9,48.1,0.689,44.8,0.725
800,A1 (7-17),3644,91.2,41.9,48.1,0.689,44.8,0.730
801,A1 (7-17),3644,91.2,41.9,48.1,0.689,44.8,0.735
802,A1 (7-17),3644,91.2,41.9,48.1,0.689,44.8,0.740
803,A1 (7-17),3644,91.5,41.9,50.0,0.69,45.6,0.745
804,A1 (7-17),3644,91.8,41.9,52.0,0.692,46.4,0.750
805,A1 (7-17),3644,91.8,41.9,52.0,0.692,46.4,0.755
806,A1 (7-17),3644,92.0,41.9,54.2,0.693,47.3,0.760
807,A1 (7-17),3644,92.0,41.9,54.2,0.693,47.3,0.765
808,A1 (7-17),3644,92.0,41.9,54.2,0.693,47.3,0.770
809,A1 (7-17),3644,92.0,41.9,54.2,0.693,47.3,0.775
810,A1 (7-17),3644,92.0,41.9,54.2,0.693,47.3,0.780
811,A1 (7-17),3644,92.0,41.9,54.2,0.693,47.3,0.785
812,A1 (7-17),3644,92.0,38.7,54.5,0.679,45.3,0.790
813,A1 (7-17),3644,92.0,38.7,54.5,0.679,45.3,0.795
814,A1 (7-17),3644,92.0,38.7,54.5,0.679,45.3,0.800
815,A1 (7-17),3644,92.3,38.7,57.1,0.68,46.2,0.805
816,A1 (7-17),3644,68.1,78.1,18.7,0.726,30.1,0.300
817,A1 (7-17),3644,68.4,78.1,18.8,0.728,30.3,0.305
818,A1 (7-17),3644,68.7,78.1,18.9,0.729,30.5,0.310
819,A1 (7-17),3644,68.4,75.0,18.3,0.714,29.4,0.315
820,A1 (7-17),3644,68.4,75.0,18.3,0.714,29.4,0.320
821,A1 (7-17),3644,69.0,75.0,18.6,0.717,29.8,0.325
822,A1 (7-17),3644,69.2,75.0,18.8,0.718,30.0,0.330
823,A1 (7-17),3644,76.6,68.8,22.7,0.731,34.1,0.335
824,A1 (7-17),3644,76.6,68.8,22.7,0.731,34.1,0.340
825,A1 (7-17),3644,76.9,68.8,22.9,0.732,34.4,0.345
826,A1 (7-17),3644,77.2,68.8,23.2,0.734,34.6,0.350
827,A1 (7-17),3644,77.2,68.8,23.2,0.734,34.6,0.355
828,A1 (7-17),3644,77.5,68.8,23.4,0.735,34.9,0.360
829,A1 (7-17),3644,77.5,62.5,22.2,0.707,32.8,0.365
830,A1 (7-17),3644,77.5,62.5,22.2,0.707,32.8,0.370
831,A1 (7-17),3644,77.5,62.5,22.2,0.707,32.8,0.375
832,A1 (7-17),3644,78.0,62.5,22.7,0.71,33.3,0.380
833,A1 (7-17),3644,78.0,62.5,22.7,0.71,33.3,0.385
834,A1 (7-17),3644,78.3,62.5,23.0,0.712,33.6,0.390
835,A1 (7-17),3644,78.3,62.5,23.0,0.712,33.6,0.395
836,A1 (7-17),3644,78.3,62.5,23.0,0.712,33.6,0.400
837,A1 (7-17),3644,78.8,62.5,23.5,0.715,34.2,0.405
838,A1 (7-17),3644,79.7,62.5,24.4,0.719,35.1,0.410
839,A1 (7-17),3644,79.7,62.5,24.4,0.719,35.1,0.415
840,A1 (7-17),3644,79.7,62.5,24.4,0.719,35.1,0.420
841,A1 (7-17),3644,80.5,62.5,25.3,0.724,36.0,0.425
842,A1 (7-17),3644,80.8,62.5,25.6,0.725,36.4,0.430
843,A1 (7-17),3644,80.8,62.5,25.6,0.725,36.4,0.435
844,A1 (7-17),3644,81.0,62.5,26.0,0.727,36.7,0.440
845,A1 (7-17),3644,81.3,62.5,26.3,0.728,37.0,0.445
846,A1 (7-17),3644,81.3,62.5,26.3,0.728,37.0,0.450
847,A1 (7-17),3644,81.3,62.5,26.3,0.728,37.0,0.455
848,A1 (7-17),3644,81.9,62.5,27.0,0.731,37.7,0.460
849,A1 (7-17),3644,81.9,62.5,27.0,0.731,37.7,0.465
850,A1 (7-17),3644,81.9,62.5,27.0,0.731,37.7,0.470
851,A1 (7-17),3644,82.4,62.5,27.8,0.734,38.5,0.475
852,A1 (7-17),3644,82.4,62.5,27.8,0.734,38.5,0.480
853,A1 (7-17),3644,82.1,59.4,26.8,0.719,36.9,0.485
854,A1 (7-17),3644,82.4,59.4,27.1,0.72,37.3,0.490
855,A1 (7-17),3644,83.0,59.4,27.9,0.723,38.0,0.495
856,A1 (7-17),3644,83.8,59.4,29.2,0.728,39.2,0.500
857,A1 (7-17),3644,84.1,59.4,29.7,0.729,39.6,0.505
858,A1 (7-17),3644,84.3,59.4,30.2,0.731,40.0,0.510
859,A1 (7-17),3644,84.3,59.4,30.2,0.731,40.0,0.515
860,A1 (7-17),3644,84.6,59.4,30.6,0.732,40.4,0.520
861,A1 (7-17),3644,84.6,59.4,30.6,0.732,40.4,0.525
862,A1 (7-17),3644,84.6,59.4,30.6,0.732,40.4,0.530
863,A1 (7-17),3644,84.9,59.4,31.1,0.734,40.9,0.535
864,A1 (7-17),3644,84.9,59.4,31.1,0.734,40.9,0.540
865,A1 (7-17),3644,84.9,59.4,31.1,0.734,40.9,0.545
866,A1 (7-17),3644,84.6,56.2,30.0,0.718,39.1,0.550
867,A1 (7-17),3644,84.3,53.1,28.8,0.702,37.4,0.555
868,A1 (7-17),3644,84.9,53.1,29.8,0.705,38.2,0.560
869,A1 (7-17),3644,84.9,53.1,29.8,0.705,38.2,0.565
870,A1 (7-17),3644,85.4,53.1,30.9,0.708,39.1,0.570
871,A1 (7-17),3644,86.0,53.1,32.1,0.711,40.0,0.575
872,A1 (7-17),3644,86.0,53.1,32.1,0.711,40.0,0.580
873,A1 (7-17),3644,85.7,50.0,30.8,0.696,38.1,0.585
874,A1 (7-17),3644,85.7,50.0,30.8,0.696,38.1,0.590
875,A1 (7-17),3644,85.7,50.0,30.8,0.696,38.1,0.595
876,A1 (7-17),3644,85.7,50.0,30.8,0.696,38.1,0.600
877,A1 (7-17),3644,86.0,50.0,31.4,0.697,38.6,0.605
878,A1 (7-17),3644,86.0,50.0,31.4,0.697,38.6,0.610
879,A1 (7-17),3644,86.0,50.0,31.4,0.697,38.6,0.615
880,A1 (7-17),3644,86.3,50.0,32.0,0.699,39.0,0.620
881,A1 (7-17),3644,86.3,50.0,32.0,0.699,39.0,0.625
882,A1 (7-17),3644,86.3,50.0,32.0,0.699,39.0,0.630
883,A1 (7-17),3644,86.3,50.0,32.0,0.699,39.0,0.635
884,A1 (7-17),3644,86.3,50.0,32.0,0.699,39.0,0.640
885,A1 (7-17),3644,86.3,50.0,32.0,0.699,39.0,0.645
886,A1 (7-17),3644,86.3,50.0,32.0,0.699,39.0,0.650
887,A1 (7-17),3644,86.5,50.0,32.7,0.7,39.5,0.655
888,A1 (7-17),3644,86.8,50.0,33.3,0.702,40.0,0.660
889,A1 (7-17),3644,86.8,50.0,33.3,0.702,40.0,0.665
890,A1 (7-17),3644,86.8,50.0,33.3,0.702,40.0,0.670
891,A1 (7-17),3644,86.8,50.0,33.3,0.702,40.0,0.675
892,A1 (7-17),3644,87.4,50.0,34.8,0.705,41.0,0.680
893,A1 (7-17),3644,87.4,50.0,34.8,0.705,41.0,0.685
894,A1 (7-17),3644,87.6,50.0,35.6,0.706,41.6,0.690
895,A1 (7-17),3644,87.9,50.0,36.4,0.708,42.1,0.695
896,A1 (7-17),3644,88.2,50.0,37.2,0.709,42.7,0.700
897,A1 (7-17),3644,88.5,50.0,38.1,0.711,43.2,0.705
898,A1 (7-17),3644,89.0,50.0,40.0,0.714,44.4,0.710
899,A1 (7-17),3644,89.3,50.0,41.0,0.715,45.1,0.715
900,A1 (7-17),3644,89.0,46.9,39.5,0.7,42.9,0.720
901,A1 (7-17),3644,89.0,46.9,39.5,0.7,42.9,0.725
902,A1 (7-17),3644,89.0,46.9,39.5,0.7,42.9,0.730
903,A1 (7-17),3644,89.0,46.9,39.5,0.7,42.9,0.735
904,A1 (7-17),3644,89.0,46.9,39.5,0.7,42.9,0.740
905,A1 (7-17),3644,88.7,43.8,37.8,0.684,40.6,0.745
906,A1 (7-17),3644,89.0,43.8,38.9,0.686,41.2,0.750
907,A1 (7-17),3644,88.7,40.6,37.1,0.67,38.8,0.755
908,A1 (7-17),3644,88.7,40.6,37.1,0.67,38.8,0.760
909,A1 (7-17),3644,88.5,37.5,35.3,0.654,36.4,0.765
910,A1 (7-17),3644,88.2,34.4,33.3,0.639,33.8,0.770
911,A1 (7-17),3644,88.7,34.4,35.5,0.642,34.9,0.775
912,A1 (7-17),3644,89.0,34.4,36.7,0.643,35.5,0.780
913,A1 (7-17),3644,89.3,34.4,37.9,0.645,36.1,0.785
914,A1 (7-17),3644,89.0,31.2,35.7,0.629,33.3,0.790
915,A1 (7-17),3644,89.0,31.2,35.7,0.629,33.3,0.795
916,A1 (7-17),3644,89.0,28.1,34.6,0.615,31.0,0.800
917,A1 (7-17),3644,89.0,28.1,34.6,0.615,31.0,0.805
918,A1 (7-17),3644,74.2,76.7,28.2,0.753,41.2,0.300
919,A1 (7-17),3644,74.5,76.7,28.4,0.754,41.5,0.305
920,A1 (7-17),3644,74.7,76.7,28.7,0.756,41.8,0.310
921,A1 (7-17),3644,75.0,76.7,28.9,0.758,42.0,0.315
922,A1 (7-17),3644,75.3,76.7,29.2,0.759,42.3,0.320
923,A1 (7-17),3644,75.8,76.7,29.7,0.762,42.9,0.325
924,A1 (7-17),3644,79.4,76.7,33.7,0.782,46.8,0.330
925,A1 (7-17),3644,79.4,76.7,33.7,0.782,46.8,0.335
926,A1 (7-17),3644,79.1,74.4,33.0,0.771,45.7,0.340
927,A1 (7-17),3644,79.4,74.4,33.3,0.772,46.0,0.345
928,A1 (7-17),3644,79.7,74.4,33.7,0.774,46.4,0.350
929,A1 (7-17),3644,79.9,74.4,34.0,0.776,46.7,0.355
930,A1 (7-17),3644,79.7,72.1,33.3,0.764,45.6,0.360
931,A1 (7-17),3644,79.9,72.1,33.7,0.765,45.9,0.365
932,A1 (7-17),3644,80.5,72.1,34.4,0.769,46.6,0.370
933,A1 (7-17),3644,80.8,72.1,34.8,0.77,47.0,0.375
934,A1 (7-17),3644,80.8,72.1,34.8,0.77,47.0,0.380
935,A1 (7-17),3644,80.8,72.1,34.8,0.77,47.0,0.385
936,A1 (7-17),3644,81.3,72.1,35.6,0.773,47.7,0.390
937,A1 (7-17),3644,81.6,72.1,36.0,0.775,48.1,0.395
938,A1 (7-17),3644,81.6,72.1,36.0,0.775,48.1,0.400
939,A1 (7-17),3644,81.6,69.8,35.7,0.765,47.2,0.405
940,A1 (7-17),3644,81.6,69.8,35.7,0.765,47.2,0.410
941,A1 (7-17),3644,81.9,69.8,36.1,0.766,47.6,0.415
942,A1 (7-17),3644,81.9,69.8,36.1,0.766,47.6,0.420
943,A1 (7-17),3644,82.4,69.8,37.0,0.769,48.4,0.425
944,A1 (7-17),3644,82.1,67.4,36.2,0.758,47.2,0.430
945,A1 (7-17),3644,82.1,67.4,36.2,0.758,47.2,0.435
946,A1 (7-17),3644,82.4,67.4,36.7,0.759,47.5,0.440
947,A1 (7-17),3644,82.4,67.4,36.7,0.759,47.5,0.445
948,A1 (7-17),3644,82.4,67.4,36.7,0.759,47.5,0.450
949,A1 (7-17),3644,83.0,67.4,37.7,0.762,48.3,0.455
950,A1 (7-17),3644,83.0,67.4,37.7,0.762,48.3,0.460
951,A1 (7-17),3644,83.0,67.4,37.7,0.762,48.3,0.465
952,A1 (7-17),3644,83.0,67.4,37.7,0.762,48.3,0.470
953,A1 (7-17),3644,83.2,67.4,38.2,0.764,48.7,0.475
954,A1 (7-17),3644,83.0,65.1,37.3,0.752,47.5,0.480
955,A1 (7-17),3644,83.0,65.1,37.3,0.752,47.5,0.485
956,A1 (7-17),3644,83.0,65.1,37.3,0.752,47.5,0.490
957,A1 (7-17),3644,83.0,65.1,37.3,0.752,47.5,0.495
958,A1 (7-17),3644,83.2,65.1,37.8,0.754,47.9,0.500
959,A1 (7-17),3644,83.2,65.1,37.8,0.754,47.9,0.505
960,A1 (7-17),3644,83.5,65.1,38.4,0.755,48.3,0.510
961,A1 (7-17),3644,83.5,65.1,38.4,0.755,48.3,0.515
962,A1 (7-17),3644,83.5,65.1,38.4,0.755,48.3,0.520
963,A1 (7-17),3644,83.5,65.1,38.4,0.755,48.3,0.525
964,A1 (7-17),3644,83.5,65.1,38.4,0.755,48.3,0.530
965,A1 (7-17),3644,83.5,65.1,38.4,0.755,48.3,0.535
966,A1 (7-17),3644,83.8,65.1,38.9,0.757,48.7,0.540
967,A1 (7-17),3644,83.8,65.1,38.9,0.757,48.7,0.545
968,A1 (7-17),3644,84.3,65.1,40.0,0.76,49.6,0.550
969,A1 (7-17),3644,84.3,65.1,40.0,0.76,49.6,0.555
970,A1 (7-17),3644,84.1,62.8,39.1,0.749,48.2,0.560
971,A1 (7-17),3644,84.6,62.8,40.3,0.752,49.1,0.565
972,A1 (7-17),3644,84.6,62.8,40.3,0.752,49.1,0.570
973,A1 (7-17),3644,84.6,62.8,40.3,0.752,49.1,0.575
974,A1 (7-17),3644,84.6,62.8,40.3,0.752,49.1,0.580
975,A1 (7-17),3644,84.9,62.8,40.9,0.753,49.5,0.585
976,A1 (7-17),3644,85.7,62.8,42.9,0.758,50.9,0.590
977,A1 (7-17),3644,86.0,62.8,43.5,0.759,51.4,0.595
978,A1 (7-17),3644,86.3,62.8,44.3,0.761,51.9,0.600
979,A1 (7-17),3644,86.3,60.5,44.1,0.751,51.0,0.605
980,A1 (7-17),3644,86.3,60.5,44.1,0.751,51.0,0.610
981,A1 (7-17),3644,86.3,60.5,44.1,0.751,51.0,0.615
982,A1 (7-17),3644,86.3,60.5,44.1,0.751,51.0,0.620
983,A1 (7-17),3644,86.3,60.5,44.1,0.751,51.0,0.625
984,A1 (7-17),3644,86.5,60.5,44.8,0.752,51.5,0.630
985,A1 (7-17),3644,86.8,60.5,45.6,0.754,52.0,0.635
986,A1 (7-17),3644,86.8,60.5,45.6,0.754,52.0,0.640
987,A1 (7-17),3644,87.1,60.5,46.4,0.756,52.5,0.645
988,A1 (7-17),3644,86.8,58.1,45.5,0.744,51.0,0.650
989,A1 (7-17),3644,86.5,55.8,44.4,0.732,49.5,0.655
990,A1 (7-17),3644,86.3,53.5,43.4,0.721,47.9,0.660
991,A1 (7-17),3644,86.3,53.5,43.4,0.721,47.9,0.665
992,A1 (7-17),3644,86.3,53.5,43.4,0.721,47.9,0.670
993,A1 (7-17),3644,86.3,53.5,43.4,0.721,47.9,0.675
994,A1 (7-17),3644,86.3,53.5,43.4,0.721,47.9,0.680
995,A1 (7-17),3644,86.3,53.5,43.4,0.721,47.9,0.685
996,A1 (7-17),3644,86.3,53.5,43.4,0.721,47.9,0.690
997,A1 (7-17),3644,86.3,51.2,43.1,0.711,46.8,0.695
998,A1 (7-17),3644,86.3,51.2,43.1,0.711,46.8,0.700
999,A1 (7-17),3644,86.8,51.2,44.9,0.714,47.8,0.705
1000,A1 (7-17),3644,86.8,51.2,44.9,0.714,47.8,0.710
1001,A1 (7-17),3644,86.8,48.8,44.7,0.704,46.7,0.715
1002,A1 (7-17),3644,86.8,48.8,44.7,0.704,46.7,0.720
1003,A1 (7-17),3644,86.8,48.8,44.7,0.704,46.7,0.725
1004,A1 (7-17),3644,87.4,48.8,46.7,0.707,47.7,0.730
1005,A1 (7-17),3644,87.6,48.8,47.7,0.708,48.3,0.735
1006,A1 (7-17),3644,87.6,48.8,47.7,0.708,48.3,0.740
1007,A1 (7-17),3644,87.6,48.8,47.7,0.708,48.3,0.745
1008,A1 (7-17),3644,87.4,46.5,46.5,0.697,46.5,0.750
1009,A1 (7-17),3644,87.6,46.5,47.6,0.698,47.1,0.755
1010,A1 (7-17),3644,87.6,46.5,47.6,0.698,47.1,0.760
1011,A1 (7-17),3644,87.6,46.5,47.6,0.698,47.1,0.765
1012,A1 (7-17),3644,88.2,46.5,50.0,0.701,48.2,0.770
1013,A1 (7-17),3644,87.9,44.2,48.7,0.69,46.3,0.775
1014,A1 (7-17),3644,87.9,44.2,48.7,0.69,46.3,0.780
1015,A1 (7-17),3644,88.2,44.2,50.0,0.691,46.9,0.785
1016,A1 (7-17),3644,87.6,39.5,47.2,0.668,43.0,0.790
1017,A1 (7-17),3644,87.6,39.5,47.2,0.668,43.0,0.795
1018,A1 (7-17),3644,87.6,39.5,47.2,0.668,43.0,0.800
1019,A1 (7-17),3644,87.9,39.5,48.6,0.67,43.6,0.805
